,Clue,Word,Class,Solved_answer,Is answer correct,cleaned_answer
3121,French clerics,ABBES,Foreign language,religieux,FALSE,RELIGIEUX
3615,French flower,OISE,Foreign language,fleur,FALSE,FLEUR
3616,French flier,OISEAU,Foreign language,prospectus,FALSE,PROSPECTUS
3618,Spanish sight seer?,OJO,Foreign language,¿Veer de la vista?,FALSE,¿VEERDELAVISTA
3619,Spanish seer?,OJO,Foreign language,¿vidente?,FALSE,¿VIDENTE
3621,Spanish seers?,OJOS,Foreign language,¿Videntes?,FALSE,¿VIDENTES
3623,Spanish swell,OLA,Foreign language,hinchar,FALSE,HINCHAR
3624,Spanish waves,OLAS,Foreign language,ondas,FALSE,ONDAS
3625,"Spanish ""huzzah!""",OLE,Foreign language,"""¡Huzzah!""",FALSE,¡HUZZAH
3614,French river,OISE,Foreign language,rivière,FALSE,RIVIERE
3626,Spanish cheer,OLE,Foreign language,alegría,FALSE,ALEGRIA
3629,Spanish stew,OLLA,Foreign language,guiso,FALSE,GUISO
3630,Spanish crockery,OLLAS,Foreign language,vajilla,FALSE,VAJILLA
3631,Spanish stews,OLLAS,Foreign language,guisos,FALSE,GUISOS
3633,Italian code of silence,OMERTA,Foreign language,Codice di silenzio,FALSE,CODICEDISILENZIO
3634,French wave,ONDE,Foreign language,vague,FALSE,VAGUE
3635,French waves,ONDES,Foreign language,flots,FALSE,FLOTS
3637,Italian time period,ORA,Foreign language,periodo di tempo,FALSE,PERIODODITEMPO
3638,Italian time unit,ORA,Foreign language,Unità temporale,FALSE,UNITATEMPORALE
3627,Spanish root word?,OLE,Foreign language,Palabra raíz?,FALSE,PALABRARAIZ
3612,Spanish direction,OESTE,Foreign language,dirección,FALSE,DIRECCION
3611,French eye,OEIL,Foreign language,œil,FALSE,ŒIL
3610,Spanish figure eights,OCHOS,Foreign language,Figura ocho,FALSE,FIGURAOCHO
3587,Spanish child,NENE,Foreign language,niño,FALSE,NINO
3588,Spanish kids,NENES,Foreign language,niños,FALSE,NINOS
3589,Spanish babies,NENES,Foreign language,criaturas,FALSE,CRIATURAS
3590,Spanish infants,NENES,Foreign language,bebés,FALSE,BEBES
3591,Spanish babes,NENES,Foreign language,chicas,FALSE,CHICAS
3592,"Spanish babies, informally",NENES,Foreign language,"Bebés, informalmente",FALSE,BEBESINFORMALMENTE
3593,"Place name that in Spanish means ""covered in snow""",NEVADA,Foreign language,'NONE' IS AN INVALID TARGET LANGUAGE . EXAMPLE: LANGPAIR=EN|IT USING 2 LETTER ISO OR RFC3066 LIKE ZH-CN. ALMOST ALL LANGUAGES SUPPORTED BUT SOME MAY HAVE NO CONTENT,FALSE,NONEISANINVALIDTARGETLANGUAGEEXAMPLELANGPAIRENITUSING2LETTERISOORRFC3066LIKEZHCNALMOSTALLLANGUAGESSUPPORTEDBUTSOMEMAYHAVENOCONTENT
3594,Spanish girls,NINAS,Foreign language,chicas,FALSE,CHICAS
3595,Spanish youngster,NINO,Foreign language,joven,FALSE,JOVEN
3596,Spanish boy,NINO,Foreign language,chico,FALSE,CHICO
3598,Spanish boys,NINOS,Foreign language,chicos,FALSE,CHICOS
3599,"Spanish equivalent of ""Basta!""",NOMAS,Foreign language,"equivalente de ""Basta!""",FALSE,EQUIVALENTEDEBASTA
3600,Spanish uncle?,NOMAS,Foreign language,¿tío?,FALSE,¿TIO
3604,Spanish point,NORTE,Foreign language,punto,FALSE,PUNTO
3606,Spanish skating figure,OCHO,Foreign language,figura de patinaje,FALSE,FIGURADEPATINAJE
3607,Word from a Spanish count?,OCHO,Foreign language,Palabra de,FALSE,PALABRADE
3608,Big figures in Spanish ice skating,OCHOS,Foreign language,Grandes figuras,FALSE,GRANDESFIGURAS
3609,Spanish skating figures,OCHOS,Foreign language,cifras de patinaje,FALSE,CIFRASDEPATINAJE
3639,Italian for 95-Down,ORA,Foreign language,95-Giù,FALSE,95GIU
3586,Spanish baby,NENE,Foreign language,bebé,FALSE,BEBE
3640,French river,ORNE,Foreign language,rivière,FALSE,RIVIERE
3643,Treasure on the Spanish Main,ORO,Foreign language,['Could not parse foreign language clue'],FALSE,
3672,French affirmative,OUI,Foreign language,Forme affirmative,FALSE,FORMEAFFIRMATIVE
3673,French vote,OUI,Foreign language,voter,FALSE,VOTER
3674,Parlement assent,OUI,Foreign language,['Could not parse foreign language clue'],FALSE,
3675,French acceptances,OUIS,Foreign language,acceptations,FALSE,ACCEPTATIONS
3676,French assents,OUIS,Foreign language,assentiment,FALSE,ASSENTIMENT
3677,French yeses,OUIS,Foreign language,oui,FALSE,OUI
3669,Spanish alternative?,OTRO,Foreign language,¿alternativa?,FALSE,¿ALTERNATIVA
3678,French accords?,OUIS,Foreign language,{} Agreements {},FALSE,AGREEMENTS
3680,"Spanish ""Listen!""",OYE,Foreign language,"""¡Escuchar!""",FALSE,¡ESCUCHAR
3681,Spanish attention-getter,OYE,Foreign language,atletero,FALSE,ATLETERO
3682,Spanish attention getter,OYE,Foreign language,Atención Getter,FALSE,ATENCIONGETTER
3683,Spanish clergyman,PADRE,Foreign language,clérigo,FALSE,CLERIGO
3684,Spanish rice dish,PAELLA,Foreign language,plato de arroz,FALSE,PLATODEARROZ
3685,Italian pal,PAISAN,Foreign language,amico,FALSE,AMICO
3686,"Bread, in Bologna",PANE,Foreign language,'NONE' IS AN INVALID TARGET LANGUAGE . EXAMPLE: LANGPAIR=EN|IT USING 2 LETTER ISO OR RFC3066 LIKE ZH-CN. ALMOST ALL LANGUAGES SUPPORTED BUT SOME MAY HAVE NO CONTENT,FALSE,NONEISANINVALIDTARGETLANGUAGEEXAMPLELANGPAIRENITUSING2LETTERISOORRFC3066LIKEZHCNALMOSTALLLANGUAGESSUPPORTEDBUTSOMEMAYHAVENOCONTENT
3688,French door plate,PANE,Foreign language,plaque de porte,FALSE,PLAQUEDEPORTE
3679,"Spanish ""Hey!""",OYE,Foreign language,"""¡Ey!""",FALSE,¡EY
3667,Spanish other,OTRA,Foreign language,otro,FALSE,OTRO
3666,Check box option on a Spanish survey?,OTRA,Foreign language,Opción de casilla de verificación en,FALSE,OPCIONDECASILLADEVERIFICACIONEN
3644,Treasure lost on the Spanish Main,ORO,Foreign language,['Could not parse foreign language clue'],FALSE,
3645,Spanish valuable,ORO,Foreign language,valioso,FALSE,VALIOSO
3646,Cargo on the Spanish Main,ORO,Foreign language,['Could not parse foreign language clue'],FALSE,
3647,Spanish precious metal,ORO,Foreign language,metal precioso,FALSE,METALPRECIOSO
3648,Spanish doubloon material,ORO,Foreign language,material de doble,FALSE,MATERIALDEDOBLE
3649,Classification for some popular Spanish music,ORO,Foreign language,'NONE' IS AN INVALID TARGET LANGUAGE . EXAMPLE: LANGPAIR=EN|IT USING 2 LETTER ISO OR RFC3066 LIKE ZH-CN. ALMOST ALL LANGUAGES SUPPORTED BUT SOME MAY HAVE NO CONTENT,FALSE,NONEISANINVALIDTARGETLANGUAGEEXAMPLELANGPAIRENITUSING2LETTERISOORRFC3066LIKEZHCNALMOSTALLLANGUAGESSUPPORTEDBUTSOMEMAYHAVENOCONTENT
3650,Spanish riches,ORO,Foreign language,riqueza,FALSE,RIQUEZA
3651,Makeup of a Spanish doubloon,ORO,Foreign language,Maquillaje de,FALSE,MAQUILLAJEDE
3652,Spanish Main cargo,ORO,Foreign language,Carga principal,FALSE,CARGAPRINCIPAL
3653,Spanish playing card,ORO,Foreign language,naipe,FALSE,NAIPE
3654,Suit in a Spanish card deck,OROS,Foreign language,'NONE' IS AN INVALID TARGET LANGUAGE . EXAMPLE: LANGPAIR=EN|IT USING 2 LETTER ISO OR RFC3066 LIKE ZH-CN. ALMOST ALL LANGUAGES SUPPORTED BUT SOME MAY HAVE NO CONTENT,FALSE,NONEISANINVALIDTARGETLANGUAGEEXAMPLELANGPAIRENITUSING2LETTERISOORRFC3066LIKEZHCNALMOSTALLLANGUAGESSUPPORTEDBUTSOMEMAYHAVENOCONTENT
3655,Some medals for Spanish athletes,OROS,Foreign language,'NONE' IS AN INVALID TARGET LANGUAGE . EXAMPLE: LANGPAIR=EN|IT USING 2 LETTER ISO OR RFC3066 LIKE ZH-CN. ALMOST ALL LANGUAGES SUPPORTED BUT SOME MAY HAVE NO CONTENT,FALSE,NONEISANINVALIDTARGETLANGUAGEEXAMPLELANGPAIRENITUSING2LETTERISOORRFC3066LIKEZHCNALMOSTALLLANGUAGESSUPPORTEDBUTSOMEMAYHAVENOCONTENT
3656,Rich Spanish decorations,OROS,Foreign language,['Could not parse foreign language clue'],FALSE,
3657,Spanish card suit,OROS,Foreign language,traje de tarjeta,FALSE,TRAJEDETARJETA
3658,Only U.S. state motto in Spanish,OROYPLATA,Foreign language,Solo el lema del estado de EE. UU.,FALSE,SOLOELLEMADELESTADODEEEUU
3663,Some Spanish zoo exhibits,OSOS,Foreign language,['Could not parse foreign language clue'],FALSE,
3664,Spanish bears,OSOS,Foreign language,ositos,FALSE,OSITOS
3665,Spanish alternative?,OTRA,Foreign language,¿alternativa?,FALSE,¿ALTERNATIVA
3642,Spanish treasure,ORO,Foreign language,tesoro,FALSE,TESORO
3689,French door part,PANE,Foreign language,partie de la porte,FALSE,PARTIEDELAPORTE
3585,French word in some bios,NEE,Foreign language,'NONE' IS AN INVALID TARGET LANGUAGE . EXAMPLE: LANGPAIR=EN|IT USING 2 LETTER ISO OR RFC3066 LIKE ZH-CN. ALMOST ALL LANGUAGES SUPPORTED BUT SOME MAY HAVE NO CONTENT,FALSE,NONEISANINVALIDTARGETLANGUAGEEXAMPLELANGPAIRENITUSING2LETTERISOORRFC3066LIKEZHCNALMOSTALLLANGUAGESSUPPORTEDBUTSOMEMAYHAVENOCONTENT
3583,French word on some wedding announcements,NEE,Foreign language,mot sur quelques annonces de mariage,FALSE,MOTSURQUELQUESANNONCESDEMARIAGE
3514,French noodle product?,IDEE,Foreign language,produit de nouilles?,FALSE,PRODUITDENOUILLES
3515,French notion,IDEE,Foreign language,"['notion', 'Translation uncertain']",FALSE,
3516,French notions,IDEES,Foreign language,mercerie,FALSE,MERCERIE
3517,French suffix that's an anagram of 4-Down,IERE,Foreign language,suffixe c'est une anagramme de 4-down,FALSE,SUFFIXECESTUNEANAGRAMMEDE4DOWN
3518,French suffix with jardin,IERE,Foreign language,suffixe avec jardin,FALSE,SUFFIXEAVECJARDIN
3519,French noun suffix,IERE,Foreign language,suffixe de nom,FALSE,SUFFIXEDENOM
3520,French suffix,IERE,Foreign language,suffixe,FALSE,SUFFIXE
3521,French pronoun,ILS,Foreign language,pronom,FALSE,PRONOM
3513,French abstraction,IDEE,Foreign language,"le captage,",FALSE,LECAPTAGE
3522,Spanish key,ISLA,Foreign language,llave,FALSE,LLAVE
3524,Spanish vacation site,ISLA,Foreign language,sitio de vacaciones,FALSE,SITIODEVACACIONES
3525,Spanish diminutive,ITA,Foreign language,diminutivo,FALSE,DIMINUTIVO
3526,Gendered Spanish suffix,ITA,Foreign language,['Could not parse foreign language clue'],FALSE,
3527,Feminine suffix in Spanish names,ITA,Foreign language,Sufijo femenino,FALSE,SUFIJOFEMENINO
3528,Spanish diminutive suffix,ITA,Foreign language,sufijo diminuto,FALSE,SUFIJODIMINUTO
3529,Spanish name suffix,ITA,Foreign language,sufijo de nombre,FALSE,SUFIJODENOMBRE
3530,Spanish female suffix,ITA,Foreign language,sufijo femenino,FALSE,SUFIJOFEMENINO
3531,Diminutive suffix in Spanish,ITO,Foreign language,Sufijo diminuto,FALSE,SUFIJODIMINUTO
3523,Spanish getaway locale,ISLA,Foreign language,lugar de escape,FALSE,LUGARDEESCAPE
3512,French brainchild,IDEE,Foreign language,conçu,FALSE,CONÇU
3511,"At this point, in France",ICI,Foreign language,À ce point,FALSE,ACEPOINT
3509,French place,ICI,Foreign language,lieu,FALSE,LIEU
3484,French bakery offering,GATEAU,Foreign language,Offrande de boulangerie,FALSE,OFFRANDEDEBOULANGERIE
3486,Italian treat,GELATO,Foreign language,trattare,FALSE,TRATTARE
3487,French frost,GELEE,Foreign language,gel,FALSE,GEL
3488,French copper,GENDARME,Foreign language,cuivre,FALSE,CUIVRE
3489,French cop,GENDARME,Foreign language,flic,FALSE,FLIC
3491,French dessert,GLACE,Foreign language,"['dessert', 'Translation uncertain']",FALSE,
3493,"Fat, in France",GRAS,Foreign language,Graisse,FALSE,GRAISSE
3494,"Fat, in France",GROSSE,Foreign language,Graisse,FALSE,GRAISSE
3495,Speak in Spanish,HABLA,Foreign language,Hablar,FALSE,HABLAR
3496,French word before cuisine or couture,HAUTE,Foreign language,mot avant la cuisine ou la couture,FALSE,MOTAVANTLACUISINEOULACOUTURE
3497,French high,HAUTE,Foreign language,haut,FALSE,HAUT
3498,Spanish greeting,HOLA,Foreign language,saludo,FALSE,SALUDO
3499,Spanish welcome,HOLA,Foreign language,bienvenido,FALSE,BIENVENIDO
3500,Spanish omelet ingredient,HUEVO,Foreign language,ingrediente de tortilla,FALSE,INGREDIENTEDETORTILLA
3501,Parts of a Spanish omelet,HUEVOS,Foreign language,A partes de,FALSE,APARTESDE
3506,"French ""present""",ICI,Foreign language,"""présent""",FALSE,PRESENT
3892,Spanish valentine sentiment,YOTEAMO,Foreign language,Sentimiento de San Valentín,FALSE,SENTIMIENTODESANVALENTIN
3508,French 55-Down,ICI,Foreign language,"['55-Down', 'Translation uncertain']",FALSE,
3532,Diminutive Spanish name suffix,ITO,Foreign language,['Could not parse foreign language clue'],FALSE,
3584,French word between two surnames,NEE,Foreign language,mot entre deux noms de famille,FALSE,MOTENTREDEUXNOMSDEFAMILLE
3533,Spanish diminutive suffix,ITO,Foreign language,sufijo diminuto,FALSE,SUFIJODIMINUTO
3536,Word in Spanish place names,LAS,Foreign language,Palabra,FALSE,PALABRA
3564,Geographical formation whose name is Spanish for 9-Down,MESA,Foreign language,9 abajo,FALSE,9ABAJO
3565,Spanish Surrealist,MIRO,Foreign language,Surrealista,FALSE,SURREALISTA
3566,Spanish artist Joan,MIRO,Foreign language,artista Joan,FALSE,ARTISTAJOAN
3567,Spanish Surrealist Joan,MIRO,Foreign language,Joan surrealista,FALSE,JOANSURREALISTA
3568,"""The Spanish Playing Cards"" and ""Nude With Mirror""",MIROS,Foreign language,['Could not parse foreign language clue'],FALSE,
3569,Certain Spanish Surrealist paintings,MIROS,Foreign language,['Could not parse foreign language clue'],FALSE,
3570,Some Spanish Surrealist paintings,MIROS,Foreign language,['Could not parse foreign language clue'],FALSE,
3571,Some Spanish Surrealist works,MIROS,Foreign language,['Could not parse foreign language clue'],FALSE,
3572,French pronoun,MOI,Foreign language,pronom,FALSE,PRONOM
3574,French possessive,MON,Foreign language,possessif,FALSE,POSSESSIF
3575,French term of address,MONAMI,Foreign language,terme d'adresse,FALSE,TERMEDADRESSE
3577,French peak,MONT,Foreign language,culminer,FALSE,CULMINER
3578,Italian summit,MONTE,Foreign language,vertice,FALSE,VERTICE
3579,"Mitsubishi model whose name means ""huntsman"" in Spanish",MONTERO,Foreign language,"Modelo Mitsubishi cuyo nombre significa ""cazador""",FALSE,MODELOMITSUBISHICUYONOMBRESIGNIFICACAZADOR
3580,French word between two names,NEE,Foreign language,mot entre deux noms,FALSE,MOTENTREDEUXNOMS
3581,"French for ""born""",NEE,Foreign language,"""né""",FALSE,NE
3582,French word that's a homophone of 47-Across,NEE,Foreign language,'NONE' IS AN INVALID TARGET LANGUAGE . EXAMPLE: LANGPAIR=EN|IT USING 2 LETTER ISO OR RFC3066 LIKE ZH-CN. ALMOST ALL LANGUAGES SUPPORTED BUT SOME MAY HAVE NO CONTENT,FALSE,NONEISANINVALIDTARGETLANGUAGEEXAMPLELANGPAIRENITUSING2LETTERISOORRFC3066LIKEZHCNALMOSTALLLANGUAGESSUPPORTEDBUTSOMEMAYHAVENOCONTENT
3573,French 101 pronoun,MOI,Foreign language,101 pronom,FALSE,101PRONOM
3562,French possessive,MES,Foreign language,possessif,FALSE,POSSESSIF
3560,Spanish wool,MERINO,Foreign language,lana,FALSE,LANA
3537,Spanish citrus fruit,LIMON,Foreign language,fruta cítrica,FALSE,FRUTACITRICA
3538,Spanish cowboy,LLANERO,Foreign language,vaquero,FALSE,VAQUERO
3539,Spanish nuts,LOCO,Foreign language,nueces,FALSE,NUECES
3540,Spanish article,LOS,Foreign language,artículo,FALSE,ARTICULO
3541,French ladies,MADAMES,Foreign language,dames,FALSE,DAMES
3542,French month,MAI,Foreign language,mois,FALSE,MOIS
3543,French schoolteacher,MAITRE,Foreign language,instituteur,FALSE,INSTITUTEUR
3544,French teacher,MAITRE,Foreign language,professeur,FALSE,PROFESSEUR
3545,French ailment,MAL,Foreign language,maladie,FALSE,MALADIE
3547,Spanish scarf,MANTILLA,Foreign language,bufanda,FALSE,BUFANDA
3548,"Tuliplike flower whose name means ""butterfly"" in Spanish",MARIPOSA,Foreign language,"Flor tulipal cuyo nombre significa ""mariposa""",FALSE,FLORTULIPALCUYONOMBRESIGNIFICAMARIPOSA
3549,"Like ""Spanish"" in Spanish: Abbr.",MASC,Foreign language,"Como ""español""",FALSE,COMOESPANOL
3550,"""Stupid,"" in Spanish(!)",MENSA,Foreign language,""".",FALSE,
3552,French 42-Across,MER,Foreign language,"['42-Across', 'Translation uncertain']",FALSE,
3555,"French comment that may elicit the reply ""de rien""",MERCI,Foreign language,"Commentaire qui peut provoquer la réponse ""De Rien""",FALSE,COMMENTAIREQUIPEUTPROVOQUERLAREPONSEDERIEN
3556,French family member,MERE,Foreign language,membre de la famille,FALSE,MEMBREDELAFAMILLE
3535,Spanish article,LAS,Foreign language,artículo,FALSE,ARTICULO
3690,Italian sandwich,PANINI,Foreign language,panino,FALSE,PANINO
3691,Spanish term of endearment,PAPI,Foreign language,término,FALSE,TERMINO
3693,French spread,PATE,Foreign language,propagé,FALSE,PROPAGE
3823,Spanish ring maker,TELEFONO,Foreign language,creador de anillos,FALSE,CREADORDEANILLOS
3824,Spanish subjects,TEMAS,Foreign language,sujetos,FALSE,SUJETOS
3825,French possessive,TES,Foreign language,possessif,FALSE,POSSESSIF
3826,French pronoun,TES,Foreign language,pronom,FALSE,PRONOM
3830,Spanish relative,TIA,Foreign language,relativo,FALSE,RELATIVO
3822,"""I love you,"" in Spanish",TEAMO,Foreign language,""".",FALSE,
3831,Some Spanish babysitters,TIAS,Foreign language,['Could not parse foreign language clue'],FALSE,
3833,Land at a Spanish airport?,TIERRA,Foreign language,Desembarcar en,FALSE,DESEMBARCAREN
3834,Spanish accent,TILDE,Foreign language,acento,FALSE,ACENTO
3835,High mark in Spanish class?,TILDE,Foreign language,Marca alta,FALSE,MARCAALTA
3836,Spanish squiggle,TILDE,Foreign language,tirante,FALSE,TIRANTE
3837,Spanish diacritical marks,TILDES,Foreign language,marcas diacríticas,FALSE,MARCASDIACRITICAS
3838,Marks gotten in Spanish class?,TILDES,Foreign language,Las marcas obtenidas,FALSE,LASMARCASOBTENIDAS
3839,Marks in Spanish class,TILDES,Foreign language,Marcas,FALSE,MARCAS
3840,Deep red Spanish wine,TINTO,Foreign language,['Could not parse foreign language clue'],FALSE,
3821,Words on a Spanish valentine,TEAMO,Foreign language,Palabras sobre,FALSE,PALABRASSOBRE
3820,Words to a Spanish sweetheart,TEAMO,Foreign language,Palabras a,FALSE,PALABRASA
3799,Spanish direction,SUR,Foreign language,dirección,FALSE,DIRECCION
3802,French relation,TANTE,Foreign language,"['relation', 'Translation uncertain']",FALSE,
3803,Spanish appetizer,TAPA,Foreign language,aperitivo,FALSE,APERITIVO
3804,Spanish snack,TAPA,Foreign language,bocadillo,FALSE,BOCADILLO
3805,Tidbit at a Spanish bar,TAPA,Foreign language,Tidbit en,FALSE,TIDBITEN
3806,Spanish tidbit,TAPA,Foreign language,golosina,FALSE,GOLOSINA
3807,Spanish morsel,TAPA,Foreign language,bocado,FALSE,BOCADO
3808,Spanish hors d'oeuvre,TAPA,Foreign language,apuros,FALSE,APUROS
3809,Spanish food served on small plates,TAPAS,Foreign language,Alimentos servidos en platos pequeños,FALSE,ALIMENTOSSERVIDOSENPLATOSPEQUENOS
3810,Spanish starters,TAPAS,Foreign language,entrante,FALSE,ENTRANTE
3811,Snacks at a Spanish bar,TAPAS,Foreign language,Bocadillos,FALSE,BOCADILLOS
3812,Spanish finger food,TAPAS,Foreign language,comida,FALSE,COMIDA
3813,Spanish appetizers,TAPAS,Foreign language,aperitivos,FALSE,APERITIVOS
3814,Finger food at a Spanish restaurant,TAPAS,Foreign language,Comida para los dedos,FALSE,COMIDAPARALOSDEDOS
3815,Spanish snacks,TAPAS,Foreign language,bocadillos,FALSE,BOCADILLOS
3816,French pastry,TARTE,Foreign language,pâtisserie,FALSE,PATISSERIE
3797,Spanish misses: Abbr.,SRTAS,Foreign language,"['misses: Abbr.', 'Translation uncertain']",FALSE,
3842,Spanish uncles,TIOS,Foreign language,tío,FALSE,TIO
3844,French pronoun,TOI,Foreign language,pronom,FALSE,PRONOM
3871,"French ""some,"" with ""les""",UNES,Foreign language,"""Certains"" avec ""Les""",FALSE,CERTAINSAVECLES
3872,French individuals,UNES,Foreign language,individus,FALSE,INDIVIDUS
3873,French articles,UNES,Foreign language,Publications,FALSE,PUBLICATIONS
3874,Start for a Spanish count,UNO,Foreign language,'NONE' IS AN INVALID TARGET LANGUAGE . EXAMPLE: LANGPAIR=EN|IT USING 2 LETTER ISO OR RFC3066 LIKE ZH-CN. ALMOST ALL LANGUAGES SUPPORTED BUT SOME MAY HAVE NO CONTENT,FALSE,NONEISANINVALIDTARGETLANGUAGEEXAMPLELANGPAIRENITUSING2LETTERISOORRFC3066LIKEZHCNALMOSTALLLANGUAGESSUPPORTEDBUTSOMEMAYHAVENOCONTENT
3875,Introduction to a Spanish count?,UNO,Foreign language,Introducción a,FALSE,INTRODUCCIONA
3876,Spanish 30-Down,UNO,Foreign language,30,FALSE,30
3877,Spanish count starter,UNO,Foreign language,conteo de arranque,FALSE,CONTEODEARRANQUE
3878,Start of a Spanish count,UNO,Foreign language,Inicio de,FALSE,INICIODE
3870,French singles,UNES,Foreign language,simple,FALSE,SIMPLE
3879,75-Down Spanish-style,UNO,Foreign language,['Could not parse foreign language clue'],FALSE,
3881,Spanish article,UNO,Foreign language,artículo,FALSE,ARTICULO
3882,Start of a Spanish count,UNODOS,Foreign language,Inicio de,FALSE,INICIODE
3883,"With 9-Down, Spanish leaders?",UNODOS,Foreign language,['Could not parse foreign language clue'],FALSE,
3884,"Spanish for ""some""",UNOS,Foreign language,"""alguno""",FALSE,ALGUNO
3886,Spanish articles,UNOS,Foreign language,artículos,FALSE,ARTICULOS
3888,"Spanish counterpart of the French ""vous""",USTED,Foreign language,"contraparte del ""vous"" francés",FALSE,CONTRAPARTEDELVOUSFRANCES
3889,"""Let's go!,"" in Spanish",VAMOS,Foreign language,""".",FALSE,
3891,Italian wines,VINOS,Foreign language,vini,FALSE,VINI
3880,One of the Spanish,UNO,Foreign language,['Could not parse foreign language clue'],FALSE,
3869,French one,UNE,Foreign language,un,FALSE,UN
3868,"French ""a""",UNE,Foreign language,"""un""",FALSE,UN
3867,French article,UNE,Foreign language,LOREM IPSUM,FALSE,LOREMIPSUM
3846,French friend's pronoun,TOI,Foreign language,pronom de l'ami,FALSE,PRONOMDELAMI
3847,Old Spanish swords,TOLEDOS,Foreign language,['Could not parse foreign language clue'],FALSE,
3848,"15-Across, in Spanish",TORO,Foreign language,"['15-Across', 'Translation uncertain']",FALSE,
3851,Spanish constructions,TORRES,Foreign language,construcciones,FALSE,CONSTRUCCIONES
3852,Battlements in Spanish castles,TORRES,Foreign language,Batallas,FALSE,BATALLAS
3853,Italian III,TRE,Foreign language,"['III', 'Translation uncertain']",FALSE,
3854,101 word in both Spanish and French,TRES,Foreign language,'NONE' IS AN INVALID TARGET LANGUAGE . EXAMPLE: LANGPAIR=EN|IT USING 2 LETTER ISO OR RFC3066 LIKE ZH-CN. ALMOST ALL LANGUAGES SUPPORTED BUT SOME MAY HAVE NO CONTENT,FALSE,NONEISANINVALIDTARGETLANGUAGEEXAMPLELANGPAIRENITUSING2LETTERISOORRFC3066LIKEZHCNALMOSTALLLANGUAGESSUPPORTEDBUTSOMEMAYHAVENOCONTENT
3855,"French 101 word or, with a different meaning, Spanish 101 word",TRES,Foreign language,'NONE' IS AN INVALID TARGET LANGUAGE . EXAMPLE: LANGPAIR=EN|IT USING 2 LETTER ISO OR RFC3066 LIKE ZH-CN. ALMOST ALL LANGUAGES SUPPORTED BUT SOME MAY HAVE NO CONTENT,FALSE,NONEISANINVALIDTARGETLANGUAGEEXAMPLELANGPAIRENITUSING2LETTERISOORRFC3066LIKEZHCNALMOSTALLLANGUAGESSUPPORTEDBUTSOMEMAYHAVENOCONTENT
3856,Figure of a Spanish count?,TRES,Foreign language,Cifra de,FALSE,CIFRADE
3857,A Spanish crowd?,TRES,Foreign language,['Could not parse foreign language clue'],FALSE,
3858,Spanish crowd?,TRES,Foreign language,¿multitud?,FALSE,¿MULTITUD
3859,Fountain near the Spanish Steps,TREVI,Foreign language,['Could not parse foreign language clue'],FALSE,
3861,Italian article,UNA,Foreign language,articolo,FALSE,ARTICOLO
3862,"Italian ""a""",UNA,Foreign language,"""UN""",FALSE,UN
3863,Spanish article,UNA,Foreign language,artículo,FALSE,ARTICULO
3864,"A, in Spanish",UNA,Foreign language,"['A', 'Translation uncertain']",FALSE,
3865,"Spanish ""a""",UNA,Foreign language,a,FALSE,A
3866,Italian articles,UNAS,Foreign language,articoli,FALSE,ARTICOLI
3843,French 101 pronoun,TOI,Foreign language,101 pronom,FALSE,101PRONOM
3796,Spanish counterparts of mlles.,SRTAS,Foreign language,contrapartes de mlles.,FALSE,CONTRAPARTESDEMLLES
3795,Spanish girl: Abbr.,SRTA,Foreign language,Chica: Abbr.,FALSE,CHICAABBR
3794,Spanish Mlle.,SRTA,Foreign language,"['Mlle.', 'Translation uncertain']",FALSE,
3721,"Spanish for ""rope""",REATA,Foreign language,"""soga""",FALSE,SOGA
3722,Parish leader,RECTOR,Foreign language,['Could not parse foreign language clue'],FALSE,
3723,Spanish royal,REINA,Foreign language,real,FALSE,REAL
3726,Spanish royalty,REINAS,Foreign language,realeza,FALSE,REALEZA
3727,French royal,REINE,Foreign language,royale,FALSE,ROYALE
3729,French income,RENTE,Foreign language,revenu,FALSE,REVENU
3730,French revenue,RENTE,Foreign language,revenu,FALSE,REVENU
3731,Spanish monarch,REY,Foreign language,monarca,FALSE,MONARCA
3720,Spanish coins of yore,REALS,Foreign language,monedas de antaño,FALSE,MONEDASDEANTANO
3732,Spanish royal,REY,Foreign language,real,FALSE,REAL
3736,Spanish royalty,REYES,Foreign language,realeza,FALSE,REALEZA
3737,Feature on a Spanish map,RIO,Foreign language,Aparecer,FALSE,APARECER
3738,Spanish stream,RIO,Foreign language,arroyo,FALSE,ARROYO
3739,Dry Spanish wine,RIOJA,Foreign language,['Could not parse foreign language clue'],FALSE,
3740,Spanish table wine,RIOJA,Foreign language,vino de mesa,FALSE,VINODEMESA
3741,Red Spanish wine,RIOJA,Foreign language,['Could not parse foreign language clue'],FALSE,
3742,"Spanish wine region, with ""La""",RIOJA,Foreign language,"Región del vino, con ""LA""",FALSE,REGIONDELVINOCONLA
3743,Spanish red wine,RIOJA,Foreign language,vino tinto,FALSE,VINOTINTO
3733,Spanish chess piece,REY,Foreign language,pieza de ajedrez,FALSE,PIEZADEAJEDREZ
3719,Coins in a Spanish treasure,REALES,Foreign language,'NONE' IS AN INVALID TARGET LANGUAGE . EXAMPLE: LANGPAIR=EN|IT USING 2 LETTER ISO OR RFC3066 LIKE ZH-CN. ALMOST ALL LANGUAGES SUPPORTED BUT SOME MAY HAVE NO CONTENT,FALSE,NONEISANINVALIDTARGETLANGUAGEEXAMPLELANGPAIRENITUSING2LETTERISOORRFC3066LIKEZHCNALMOSTALLLANGUAGESSUPPORTEDBUTSOMEMAYHAVENOCONTENT
3718,Old Spanish coins,REALES,Foreign language,['Could not parse foreign language clue'],FALSE,
3717,Old Spanish silver coins,REALES,Foreign language,['Could not parse foreign language clue'],FALSE,
3695,"Senior, in French names",PERE,Foreign language,Cadres supérieurs,FALSE,CADRESSUPERIEURS
3696,French homophone of 30-Down,PERE,Foreign language,homophone de 30-down,FALSE,HOMOPHONEDE30DOWN
3699,Old Spanish coin,PESETA,Foreign language,['Could not parse foreign language clue'],FALSE,
3700,Old Spanish bread,PESETA,Foreign language,['Could not parse foreign language clue'],FALSE,
3701,Former Spanish coin,PESETA,Foreign language,['Could not parse foreign language clue'],FALSE,
3702,Pre-euro Spanish coin,PESETA,Foreign language,['Could not parse foreign language clue'],FALSE,
3703,Spanish bread,PESETAS,Foreign language,pan,FALSE,PAN
3704,Spanish specie,PESETAS,Foreign language,metálico,FALSE,METALICO
3705,Spanish beans,PESETAS,Foreign language,frijoles,FALSE,FRIJOLES
3706,Spanish cabbage,PESETAS,Foreign language,repollo,FALSE,REPOLLO
3709,Spanish precious metal,PLATA,Foreign language,metal precioso,FALSE,METALPRECIOSO
3712,Spanish fowl,POLLO,Foreign language,ave,FALSE,AVE
3715,Spanish interrogative,QUE,Foreign language,interrogativo,FALSE,INTERROGATIVO
3716,Coin on the Spanish Main,REAL,Foreign language,['Could not parse foreign language clue'],FALSE,
3744,Spanish wine,RIOJA,Foreign language,vino,FALSE,VINO
3745,Spanish waterways,RIOS,Foreign language,vías fluviales,FALSE,VIASFLUVIALES
3747,Spanish streams,RIOS,Foreign language,corrientes,FALSE,CORRIENTES
3773,French cooking staple,SEL,Foreign language,aliment de cuisson,FALSE,ALIMENTDECUISSON
3775,Spanish gent,SENOR,Foreign language,caballero,FALSE,CABALLERO
3776,Half of a Spanish union,SENORA,Foreign language,La mitad de,FALSE,LAMITADDE
3777,Some Spanish titles,SENORS,Foreign language,['Could not parse foreign language clue'],FALSE,
3778,Spanish gents,SENORS,Foreign language,caballeros,FALSE,CABALLEROS
3779,Spanish 101 verb,SER,Foreign language,101 verbo,FALSE,101VERBO
3781,Spanish irregular verb,SER,Foreign language,verbo irregular,FALSE,VERBOIRREGULAR
3782,French possessive,SES,Foreign language,possessif,FALSE,POSSESSIF
3783,"German ""you""",SIE,Foreign language,"""Du""",FALSE,DU
3784,Spanish dice roll,SIETE,Foreign language,rollo de dados,FALSE,ROLLODEDADOS
3785,Enthusiastic Spanish assent,SISI,Foreign language,['Could not parse foreign language clue'],FALSE,
3786,Enthusiastic assent in Spanish,SISI,Foreign language,Asentimiento entusiasta,FALSE,ASENTIMIENTOENTUSIASTA
3787,Spanish title: Abbr.,SRA,Foreign language,Título: Abbr.,FALSE,TITULOABBR
3788,Spanish 23-Across: Abbr.,SRA,Foreign language,"['23-Across: Abbr.', 'Translation uncertain']",FALSE,
3789,Spanish Mrs.,SRA,Foreign language,Señora.,FALSE,SENORA
3790,Spanish ladies: Abbr.,SRAS,Foreign language,Damas: Abbr.,FALSE,DAMASABBR
3791,Spanish title: Abbr.,SRTA,Foreign language,Título: Abbr.,FALSE,TITULOABBR
3792,Spanish miss: Abbr.,SRTA,Foreign language,Señorita: Abbr.,FALSE,SENORITAABBR
3793,Spanish counterpart of a mlle.,SRTA,Foreign language,'NONE' IS AN INVALID TARGET LANGUAGE . EXAMPLE: LANGPAIR=EN|IT USING 2 LETTER ISO OR RFC3066 LIKE ZH-CN. ALMOST ALL LANGUAGES SUPPORTED BUT SOME MAY HAVE NO CONTENT,FALSE,NONEISANINVALIDTARGETLANGUAGEEXAMPLELANGPAIRENITUSING2LETTERISOORRFC3066LIKEZHCNALMOSTALLLANGUAGESSUPPORTEDBUTSOMEMAYHAVENOCONTENT
3772,French preservative,SEL,Foreign language,conservateur,FALSE,CONSERVATEUR
3771,French shaker contents,SEL,Foreign language,contenu de shaker,FALSE,CONTENUDESHAKER
3769,"Partner of poivre, in French seasoning",SEL,Foreign language,Partenaire de poivre,FALSE,PARTENAIREDEPOIVRE
3748,French chess piece,ROI,Foreign language,pièce d'échecs,FALSE,PIECEDECHECS
3750,French pooh-bah,ROI,Foreign language,caca,FALSE,CACA
3752,Color in a Spanish sunset,ROJO,Foreign language,'NONE' IS AN INVALID TARGET LANGUAGE . EXAMPLE: LANGPAIR=EN|IT USING 2 LETTER ISO OR RFC3066 LIKE ZH-CN. ALMOST ALL LANGUAGES SUPPORTED BUT SOME MAY HAVE NO CONTENT,FALSE,NONEISANINVALIDTARGETLANGUAGEEXAMPLELANGPAIRENITUSING2LETTERISOORRFC3066LIKEZHCNALMOSTALLLANGUAGESSUPPORTEDBUTSOMEMAYHAVENOCONTENT
3753,Spanish Steps city,ROME,Foreign language,Pasando ciudad,FALSE,PASANDOCIUDAD
3754,Spanish flower,ROSA,Foreign language,flor,FALSE,FLOR
3755,Some Spanish flowers,ROSAS,Foreign language,['Could not parse foreign language clue'],FALSE,
3756,Spanish seasoning that's a letter short of its English counterpart,SAL,Foreign language,'NONE' IS AN INVALID TARGET LANGUAGE . EXAMPLE: LANGPAIR=EN|IT USING 2 LETTER ISO OR RFC3066 LIKE ZH-CN. ALMOST ALL LANGUAGES SUPPORTED BUT SOME MAY HAVE NO CONTENT,FALSE,NONEISANINVALIDTARGETLANGUAGEEXAMPLELANGPAIRENITUSING2LETTERISOORRFC3066LIKEZHCNALMOSTALLLANGUAGESSUPPORTEDBUTSOMEMAYHAVENOCONTENT
3757,Spanish seasoning,SAL,Foreign language,condimento,FALSE,CONDIMENTO
3758,Spanish parlor,SALA,Foreign language,salón,FALSE,SALON
3759,Spanish hotel reservation,SALA,Foreign language,reserva de hotel,FALSE,RESERVADEHOTEL
3760,Spanish toast,SALUD,Foreign language,tostada,FALSE,TOSTADA
3761,Spanish wine beverage,SANGRIA,Foreign language,bebida de vino,FALSE,BEBIDADEVINO
3762,Italian apologies,SCUSE,Foreign language,Ci scusiamo,FALSE,CISCUSIAMO
3763,Italian apology,SCUSI,Foreign language,scuse,FALSE,SCUSE
3764,Spanish 3 + 3,SEIS,Foreign language,"['3 + 3', 'Translation uncertain']",FALSE,
3765,Number of strings on a Spanish guitar,SEIS,Foreign language,Número de cuerdas en,FALSE,NUMERODECUERDASEN
3766,Spanish cardinal,SEIS,Foreign language,cardenal,FALSE,CARDENAL
3767,Spanish half-dozen,SEIS,Foreign language,media docena,FALSE,MEDIADOCENA
3770,French seasoning,SEL,Foreign language,assaisonnement,FALSE,ASSAISONNEMENT
3481,French family members,FRERES,Foreign language,membres de la famille,FALSE,MEMBRESDELAFAMILLE
3507,French roll call response,ICI,Foreign language,Réponse de l'appel de roulement,FALSE,REPONSEDELAPPELDEROULEMENT
3284,"Italian ""dear""",CARA,Foreign language,"""Caro""",FALSE,CARO
3285,Italian beloved,CARA,Foreign language,amato,FALSE,AMATO
3286,Italian sweetie,CARA,Foreign language,dolcezza,FALSE,DOLCEZZA
3287,Italian honey,CARA,Foreign language,Miele,FALSE,MIELE
3288,Italian dearie,CARA,Foreign language,"['dearie', 'Translation uncertain']",FALSE,
3164,"French toast maker, maybe",AMI,Foreign language,"Toast Maker, peut-être",FALSE,TOASTMAKERPEUTETRE
3163,French Facebook connection,AMI,Foreign language,Connexion Facebook,FALSE,CONNEXIONFACEBOOK
3283,"Italian ""darling""",CARA,Foreign language,"""Tesoro""",FALSE,TESORO
3291,Italian sweet?,CARO,Foreign language,dolce?,FALSE,DOLCE
3293,Italian term of endearment,CARO,Foreign language,vezzeggiativo,FALSE,VEZZEGGIATIVO
3295,Spanish word repeated in a welcoming phrase,CASA,Foreign language,'NONE' IS AN INVALID TARGET LANGUAGE . EXAMPLE: LANGPAIR=EN|IT USING 2 LETTER ISO OR RFC3066 LIKE ZH-CN. ALMOST ALL LANGUAGES SUPPORTED BUT SOME MAY HAVE NO CONTENT,FALSE,NONEISANINVALIDTARGETLANGUAGEEXAMPLELANGPAIRENITUSING2LETTERISOORRFC3066LIKEZHCNALMOSTALLLANGUAGESSUPPORTEDBUTSOMEMAYHAVENOCONTENT
3296,Spanish abode,CASA,Foreign language,morada,FALSE,MORADA
3160,Le Pen pal?,AMI,Foreign language,['Could not parse foreign language clue'],FALSE,
3159,"Beau, to Brigitte",AMI,Foreign language,['Could not parse foreign language clue'],FALSE,
3300,"That, in France",CELA,Foreign language,Que,FALSE,QUE
3292,Italian sweetheart,CARO,Foreign language,Tesoro,FALSE,TESORO
3301,Italian 100,CENTO,Foreign language,"['100', 'Translation uncertain']",FALSE,
3165,"French kiss recipient, maybe",AMI,Foreign language,"récipiendaire de baiser, peut-être",FALSE,RECIPIENDAIREDEBAISERPEUTETRE
3167,French sweet,AMI,Foreign language,doux,FALSE,DOUX
3176,French girlfriend,AMIE,Foreign language,petite amie,FALSE,PETITEAMIE
3174,Lady friend in Italy,AMICA,Foreign language,Amico,FALSE,AMICO
3173,French date,AMI,Foreign language,"['date', 'Translation uncertain']",FALSE,
3172,Paris associate,AMI,Foreign language,associé,FALSE,ASSOCIE
3171,French toast recipient?,AMI,Foreign language,Récipiendaire de toast?,FALSE,RECIPIENDAIREDETOAST
3170,French ally,AMI,Foreign language,allié,FALSE,ALLIE
3166,"Pal, in Paris",AMI,Foreign language,Copain,FALSE,COPAIN
3275,Paris eateries,BISTROS,Foreign language,restaurants,FALSE,RESTAURANTS
3277,"Like the sky, in France",BLEU,Foreign language,Comme le ciel,FALSE,COMMELECIEL
3278,Spanish tar,BREA,Foreign language,alquitrán,FALSE,ALQUITRAN
3279,It's good in Mexico,BUENO,Foreign language,'NONE' IS AN INVALID TARGET LANGUAGE . EXAMPLE: LANGPAIR=EN|IT USING 2 LETTER ISO OR RFC3066 LIKE ZH-CN. ALMOST ALL LANGUAGES SUPPORTED BUT SOME MAY HAVE NO CONTENT,FALSE,NONEISANINVALIDTARGETLANGUAGEEXAMPLELANGPAIRENITUSING2LETTERISOORRFC3066LIKEZHCNALMOSTALLLANGUAGESSUPPORTEDBUTSOMEMAYHAVENOCONTENT
3280,Start of a Spanish greeting,BUENOS,Foreign language,Inicio de,FALSE,INICIODE
3281,"Joe, in France",CAFE,Foreign language,Joe.,FALSE,JOE
3169,French intimate,AMI,Foreign language,intime,FALSE,INTIME
3168,Pal in Paris,AMI,Foreign language,Copain,FALSE,COPAIN
3276,"French flag color, in France",BLANC,Foreign language,Couleur du drapeau français,FALSE,COULEURDUDRAPEAUFRANÇAIS
3303,Spanish term of affection between young women,CHICA,Foreign language,Término de afecto entre mujeres jóvenes,FALSE,TERMINODEAFECTOENTREMUJERESJOVENES
3327,French preposition,DES,Foreign language,préposition,FALSE,PREPOSITION
3156,"To love, Italian-style",AMARE,Foreign language,['Could not parse foreign language clue'],FALSE,
3328,French surname start,DES,Foreign language,Nom de famille Start,FALSE,NOMDEFAMILLESTART
3329,"From, in France",DES,Foreign language,Depuis,FALSE,DEPUIS
3330,French pair,DEUX,Foreign language,paire,FALSE,PAIRE
3153,"Tree-lined way, in France",ALLEE,Foreign language,Voie doublée d'arbres,FALSE,VOIEDOUBLEEDARBRES
3332,Italian 10,DIECI,Foreign language,"['10', 'Translation uncertain']",FALSE,
3326,French surname starter,DES,Foreign language,starter de famille,FALSE,STARTERDEFAMILLE
3152,French avenue,ALLEE,Foreign language,rue,FALSE,RUE
3335,Spanish Almighty,DIOS,Foreign language,Todopoderoso,FALSE,TODOPODEROSO
3336,Spanish building topper,DOMO,Foreign language,edificio topper,FALSE,EDIFICIOTOPPER
3337,Spanish gentleman,DON,Foreign language,hidalgo,FALSE,HIDALGO
3191,Paris pal,AMIE,Foreign language,copain,FALSE,COPAIN
3339,Spanish lady,DONA,Foreign language,dama,FALSE,DAMA
3340,Spanish title,DONA,Foreign language,título,FALSE,TITULO
3341,Spanish woman,DONA,Foreign language,mujer,FALSE,MUJER
3325,"""You're welcome,"" in Spanish",DENADA,Foreign language,""".",FALSE,
3157,French fine,AMENDE,Foreign language,bien,FALSE,BIEN
3323,Spanish hill,CUESTA,Foreign language,colina,FALSE,COLINA
3306,Spanish pork sausage,CHORIZO,Foreign language,salchicha de cerdo,FALSE,SALCHICHADECERDO
3307,Spanish/Mexican pastry,CHURRO,Foreign language,['Could not parse foreign language clue'],FALSE,
3308,Spanish pastry,CHURRO,Foreign language,pasteles,FALSE,PASTELES
3309,Italian goodbye,CIAO,Foreign language,arrivederci,FALSE,ARRIVEDERCI
3311,"Italian's ""bye""",CIAO,Foreign language,['Could not parse foreign language clue'],FALSE,
3312,"Inc., in France",CIE,Foreign language,"['Inc.', 'Translation uncertain']",FALSE,
3313,"Co., in France",CIE,Foreign language,Co. ,FALSE,CO
3314,"Business firm, in France: Abbr.",CIE,Foreign language,Entreprise d'affaires,FALSE,ENTREPRISEDAFFAIRES
3158,"Fine, in France",AMENDE,Foreign language,Bien,FALSE,BIEN
3317,Spanish interrogative,COMO,Foreign language,interrogativo,FALSE,INTERROGATIVO
3318,Spanish greeting,COMOESTA,Foreign language,saludo,FALSE,SALUDO
3319,Spanish 101 question,COMOESTA,Foreign language,101 Pregunta,FALSE,101PREGUNTA
3320,It's a thing in Mexico,COSA,Foreign language,'NONE' IS AN INVALID TARGET LANGUAGE . EXAMPLE: LANGPAIR=EN|IT USING 2 LETTER ISO OR RFC3066 LIKE ZH-CN. ALMOST ALL LANGUAGES SUPPORTED BUT SOME MAY HAVE NO CONTENT,FALSE,NONEISANINVALIDTARGETLANGUAGEEXAMPLELANGPAIRENITUSING2LETTERISOORRFC3066LIKEZHCNALMOSTALLLANGUAGESSUPPORTEDBUTSOMEMAYHAVENOCONTENT
3322,"Italian for ""baked""",COTTA,Foreign language,"""cotto""",FALSE,COTTO
3267,Italian's word of approval,BELLA,Foreign language,['Could not parse foreign language clue'],FALSE,
3266,Spanish infant,BEBE,Foreign language,niño,FALSE,NINO
3213,Spanish love,AMOR,Foreign language,amar,FALSE,AMAR
3214,Spanish opposite of odio,AMOR,Foreign language,opuesto a Odio,FALSE,OPUESTOAODIO
3215,Spanish sweetheart,AMOR,Foreign language,cariño,FALSE,CARINO
3216,"Love, Spanish-style",AMOR,Foreign language,['Could not parse foreign language clue'],FALSE,
3217,Italian ballad subject,AMOR,Foreign language,soggetto di ballata,FALSE,SOGGETTODIBALLATA
3218,Love of Spain,AMOR,Foreign language,['Could not parse foreign language clue'],FALSE,
3219,Subject of an Italian aria,AMORE,Foreign language,['Could not parse foreign language clue'],FALSE,
3212,"Mine, in France",AMOI,Foreign language,Le mien,FALSE,LEMIEN
3220,"Love, Italian-style",AMORE,Foreign language,['Could not parse foreign language clue'],FALSE,
3222,Subject for an Italian aria,AMORE,Foreign language,'NONE' IS AN INVALID TARGET LANGUAGE . EXAMPLE: LANGPAIR=EN|IT USING 2 LETTER ISO OR RFC3066 LIKE ZH-CN. ALMOST ALL LANGUAGES SUPPORTED BUT SOME MAY HAVE NO CONTENT,FALSE,NONEISANINVALIDTARGETLANGUAGEEXAMPLELANGPAIRENITUSING2LETTERISOORRFC3066LIKEZHCNALMOSTALLLANGUAGESSUPPORTEDBUTSOMEMAYHAVENOCONTENT
3223,It may be blind in Italy,AMORE,Foreign language,Potrebbe essere cieco,FALSE,POTREBBEESSERECIECO
3224,A many-splendored thing in Italy?,AMORE,Foreign language,Una cosa moltiplorata,FALSE,UNACOSAMOLTIPLORATA
3186,French gal pal,AMIE,Foreign language,gal pote,FALSE,GALPOTE
3225,"Love, Italian style",AMORE,Foreign language,['Could not parse foreign language clue'],FALSE,
3226,French affair,AMOUR,Foreign language,affaire,FALSE,AFFAIRE
3227,French romance,AMOUR,Foreign language,"['romance', 'Translation uncertain']",FALSE,
3221,Love Italian-style,AMORE,Foreign language,['Could not parse foreign language clue'],FALSE,
3211,French call for help,AMOI,Foreign language,'NONE' IS AN INVALID TARGET LANGUAGE . EXAMPLE: LANGPAIR=EN|IT USING 2 LETTER ISO OR RFC3066 LIKE ZH-CN. ALMOST ALL LANGUAGES SUPPORTED BUT SOME MAY HAVE NO CONTENT,FALSE,NONEISANINVALIDTARGETLANGUAGEEXAMPLELANGPAIRENITUSING2LETTERISOORRFC3066LIKEZHCNALMOSTALLLANGUAGESSUPPORTEDBUTSOMEMAYHAVENOCONTENT
3210,"""Help!"" in France",AMOI,Foreign language,"""Aide!""",FALSE,AIDE
3209,"To me, in Paris",AMOI,Foreign language,Pour moi,FALSE,POURMOI
3189,French friend,AMIE,Foreign language,ami,FALSE,AMI
3193,French girlfriends,AMIES,Foreign language,copines,FALSE,COPINES
3194,French 38-Down,AMIES,Foreign language,38,FALSE,38
3195,Spanish girlfriend,AMIGA,Foreign language,novia,FALSE,NOVIA
3196,Some Spanish friends,AMIGAS,Foreign language,['Could not parse foreign language clue'],FALSE,
3198,French buddies,AMIS,Foreign language,copains,FALSE,COPAINS
3188,French pal,AMIE,Foreign language,copain,FALSE,COPAIN
3200,French buds,AMIS,Foreign language,bourgeois,FALSE,BOURGEOIS
3201,French Facebookers' connections,AMIS,Foreign language,Connexions des Facebookers,FALSE,CONNEXIONSDESFACEBOOKERS
3202,Pals around in Paris?,AMIS,Foreign language,Copains autour,FALSE,COPAINSAUTOUR
3203,They might give each French kisses,AMIS,Foreign language,['Could not parse foreign language clue'],FALSE,
3204,"Parts of some circles, in France",AMIS,Foreign language,Parties de certains cercles,FALSE,PARTIESDECERTAINSCERCLES
3187,French companion,AMIE,Foreign language,compagnon,FALSE,COMPAGNON
3205,The Spanish I love?,AMO,Foreign language,['Could not parse foreign language clue'],FALSE,
3206,"I love, in Mexico",AMO,Foreign language,'NONE' IS AN INVALID TARGET LANGUAGE . EXAMPLE: LANGPAIR=EN|IT USING 2 LETTER ISO OR RFC3066 LIKE ZH-CN. ALMOST ALL LANGUAGES SUPPORTED BUT SOME MAY HAVE NO CONTENT,FALSE,NONEISANINVALIDTARGETLANGUAGEEXAMPLELANGPAIRENITUSING2LETTERISOORRFC3066LIKEZHCNALMOSTALLLANGUAGESSUPPORTEDBUTSOMEMAYHAVENOCONTENT
3207,French mine?,AMOI,Foreign language,le mien?,FALSE,LEMIEN
3208,French possessive,AMOI,Foreign language,possessif,FALSE,POSSESSIF
3228,French love affair,AMOUR,Foreign language,histoire d'amour,FALSE,HISTOIREDAMOUR
3342,Spanish lady's title,DONA,Foreign language,Título de la dama,FALSE,TITULODELADAMA
3185,"Pen pal in Paris, perhaps",AMIE,Foreign language,Correspondant,FALSE,CORRESPONDANT
3230,"Old, in France",ANCIEN,Foreign language,Vieux,FALSE,VIEUX
3182,French lady friend,AMIE,Foreign language,ami,FALSE,AMI
3252,French military force,ARMEE,Foreign language,force militaire,FALSE,FORCEMILITAIRE
3181,Possible subject of a French scandal,AMIE,Foreign language,Sujet possible de,FALSE,SUJETPOSSIBLEDE
3254,Enthusiastic Spanish cry,ARRIBA,Foreign language,['Could not parse foreign language clue'],FALSE,
3255,Excited Spanish cry,ARRIBA,Foreign language,['Could not parse foreign language clue'],FALSE,
3256,Spanish shout of joy,ARRIBA,Foreign language,grito de alegría,FALSE,GRITODEALEGRIA
3251,French force,ARMEE,Foreign language,forcer,FALSE,FORCER
3257,Exuberant Spanish cry,ARRIBA,Foreign language,['Could not parse foreign language clue'],FALSE,
3260,Spanish paintings,ARTE,Foreign language,pinturas,FALSE,PINTURAS
3261,Spanish museum work,ARTE,Foreign language,trabajo de museo,FALSE,TRABAJODEMUSEO
3263,"Dance, in France",BAL,Foreign language,Danse,FALSE,DANSE
3264,Spanish quarters,BARRIOS,Foreign language,cuarteles,FALSE,CUARTELES
3265,Spanish newborn,BEBE,Foreign language,recién nacido,FALSE,RECIENNACIDO
3178,Female friend from France,AMIE,Foreign language,['Could not parse foreign language clue'],FALSE,
3177,Friend in France,AMIE,Foreign language,Ami,FALSE,AMI
3258,Exuberant cry in Mexico,ARRIBA,Foreign language,'NONE' IS AN INVALID TARGET LANGUAGE . EXAMPLE: LANGPAIR=EN|IT USING 2 LETTER ISO OR RFC3066 LIKE ZH-CN. ALMOST ALL LANGUAGES SUPPORTED BUT SOME MAY HAVE NO CONTENT,FALSE,NONEISANINVALIDTARGETLANGUAGEEXAMPLELANGPAIRENITUSING2LETTERISOORRFC3066LIKEZHCNALMOSTALLLANGUAGESSUPPORTEDBUTSOMEMAYHAVENOCONTENT
3183,"French date, often",AMIE,Foreign language,"date, souvent",FALSE,DATESOUVENT
3249,Part of a Spanish forest,ARBOL,Foreign language,Parte de,FALSE,PARTEDE
3248,A long time in Mexico,ANOS,Foreign language,'NONE' IS AN INVALID TARGET LANGUAGE . EXAMPLE: LANGPAIR=EN|IT USING 2 LETTER ISO OR RFC3066 LIKE ZH-CN. ALMOST ALL LANGUAGES SUPPORTED BUT SOME MAY HAVE NO CONTENT,FALSE,NONEISANINVALIDTARGETLANGUAGEEXAMPLELANGPAIRENITUSING2LETTERISOORRFC3066LIKEZHCNALMOSTALLLANGUAGESSUPPORTEDBUTSOMEMAYHAVENOCONTENT
3231,"Celestial being, in France",ANGE,Foreign language,Être céleste,FALSE,ETRECELESTE
3232,"Haloed one, in France",ANGE,Foreign language,Halo,FALSE,HALO
3233,"Halo wearer, in France",ANGE,Foreign language,Halo,FALSE,HALO
3234,"Four quarters, in France",ANNEE,Foreign language,Quatre trimestres,FALSE,QUATRETRIMESTRES
3235,Spanish 101 word with a tilde,ANO,Foreign language,'NONE' IS AN INVALID TARGET LANGUAGE . EXAMPLE: LANGPAIR=EN|IT USING 2 LETTER ISO OR RFC3066 LIKE ZH-CN. ALMOST ALL LANGUAGES SUPPORTED BUT SOME MAY HAVE NO CONTENT,FALSE,NONEISANINVALIDTARGETLANGUAGEEXAMPLELANGPAIRENITUSING2LETTERISOORRFC3066LIKEZHCNALMOSTALLLANGUAGESSUPPORTEDBUTSOMEMAYHAVENOCONTENT
3236,Spanish unit of time with a tilde,ANO,Foreign language,'NONE' IS AN INVALID TARGET LANGUAGE . EXAMPLE: LANGPAIR=EN|IT USING 2 LETTER ISO OR RFC3066 LIKE ZH-CN. ALMOST ALL LANGUAGES SUPPORTED BUT SOME MAY HAVE NO CONTENT,FALSE,NONEISANINVALIDTARGETLANGUAGEEXAMPLELANGPAIRENITUSING2LETTERISOORRFC3066LIKEZHCNALMOSTALLLANGUAGESSUPPORTEDBUTSOMEMAYHAVENOCONTENT
3238,"12 months, in Tijuana",ANO,Foreign language,'NONE' IS AN INVALID TARGET LANGUAGE . EXAMPLE: LANGPAIR=EN|IT USING 2 LETTER ISO OR RFC3066 LIKE ZH-CN. ALMOST ALL LANGUAGES SUPPORTED BUT SOME MAY HAVE NO CONTENT,FALSE,NONEISANINVALIDTARGETLANGUAGEEXAMPLELANGPAIRENITUSING2LETTERISOORRFC3066LIKEZHCNALMOSTALLLANGUAGESSUPPORTEDBUTSOMEMAYHAVENOCONTENT
3239,Many meses in Mexico,ANO,Foreign language,'NONE' IS AN INVALID TARGET LANGUAGE . EXAMPLE: LANGPAIR=EN|IT USING 2 LETTER ISO OR RFC3066 LIKE ZH-CN. ALMOST ALL LANGUAGES SUPPORTED BUT SOME MAY HAVE NO CONTENT,FALSE,NONEISANINVALIDTARGETLANGUAGEEXAMPLELANGPAIRENITUSING2LETTERISOORRFC3066LIKEZHCNALMOSTALLLANGUAGESSUPPORTEDBUTSOMEMAYHAVENOCONTENT
3240,"Year, in Mexico",ANO,Foreign language,'NONE' IS AN INVALID TARGET LANGUAGE . EXAMPLE: LANGPAIR=EN|IT USING 2 LETTER ISO OR RFC3066 LIKE ZH-CN. ALMOST ALL LANGUAGES SUPPORTED BUT SOME MAY HAVE NO CONTENT,FALSE,NONEISANINVALIDTARGETLANGUAGEEXAMPLELANGPAIRENITUSING2LETTERISOORRFC3066LIKEZHCNALMOSTALLLANGUAGESSUPPORTEDBUTSOMEMAYHAVENOCONTENT
3241,"2000, e.g., in Spain",ANO,Foreign language,p.ej.,FALSE,PEJ
3242,A year in Mexico,ANO,Foreign language,'NONE' IS AN INVALID TARGET LANGUAGE . EXAMPLE: LANGPAIR=EN|IT USING 2 LETTER ISO OR RFC3066 LIKE ZH-CN. ALMOST ALL LANGUAGES SUPPORTED BUT SOME MAY HAVE NO CONTENT,FALSE,NONEISANINVALIDTARGETLANGUAGEEXAMPLELANGPAIRENITUSING2LETTERISOORRFC3066LIKEZHCNALMOSTALLLANGUAGESSUPPORTEDBUTSOMEMAYHAVENOCONTENT
3245,"A long time, in Mexico",ANOS,Foreign language,'NONE' IS AN INVALID TARGET LANGUAGE . EXAMPLE: LANGPAIR=EN|IT USING 2 LETTER ISO OR RFC3066 LIKE ZH-CN. ALMOST ALL LANGUAGES SUPPORTED BUT SOME MAY HAVE NO CONTENT,FALSE,NONEISANINVALIDTARGETLANGUAGEEXAMPLELANGPAIRENITUSING2LETTERISOORRFC3066LIKEZHCNALMOSTALLLANGUAGESSUPPORTEDBUTSOMEMAYHAVENOCONTENT
3246,Years in Mexico,ANOS,Foreign language,'NONE' IS AN INVALID TARGET LANGUAGE . EXAMPLE: LANGPAIR=EN|IT USING 2 LETTER ISO OR RFC3066 LIKE ZH-CN. ALMOST ALL LANGUAGES SUPPORTED BUT SOME MAY HAVE NO CONTENT,FALSE,NONEISANINVALIDTARGETLANGUAGEEXAMPLELANGPAIRENITUSING2LETTERISOORRFC3066LIKEZHCNALMOSTALLLANGUAGESSUPPORTEDBUTSOMEMAYHAVENOCONTENT
3184,Date in France?,AMIE,Foreign language,"['Date', 'Translation uncertain']",FALSE,
3151,French back street,ALLEE,Foreign language,ruelle,FALSE,RUELLE
3338,Spanish lord,DON,Foreign language,caballero,FALSE,CABALLERO
3345,Italian ladies,DONNAS,Foreign language,Signore,FALSE,SIGNORE
3428,French name that sounds like two letters,ESTEE,Foreign language,nom qui ressemble à deux lettres,FALSE,NOMQUIRESSEMBLEADEUXLETTRES
3429,"This, in Spanish",ESTO,Foreign language,Este,FALSE,ESTE
3430,French floor,ETAGE,Foreign language,sol,FALSE,SOL
3431,French story,ETAGE,Foreign language,histoire,FALSE,HISTOIRE
3432,French level,ETAGE,Foreign language,niveau,FALSE,NIVEAU
3433,"Story of a building, in France",ETAGE,Foreign language,Histoire d'un bâtiment,FALSE,HISTOIREDUNBATIMENT
3434,"Story, in France",ETAGE,Foreign language,Histoire,FALSE,HISTOIRE
3427,It's right on a Spanish map,ESTE,Foreign language,Es correcto en,FALSE,ESCORRECTOEN
3435,French word whose plural is its English translation backward,ETAT,Foreign language,mot dont le pluriel est sa traduction en anglais vers l'arrière,FALSE,MOTDONTLEPLURIELESTSATRADUCTIONENANGLAISVERSLARRIERE
3436,French political division,ETAT,Foreign language,division politique,FALSE,DIVISIONPOLITIQUE
3437,French government,ETAT,Foreign language,gouvernement,FALSE,GOUVERNEMENT
3439,"Union member, in France",ETAT,Foreign language,Membre du syndicat,FALSE,MEMBREDUSYNDICAT
3441,French political divisions,ETATS,Foreign language,divisions politiques,FALSE,DIVISIONSPOLITIQUES
3128,Word on mail from Mexico,AEREO,Foreign language,['Could not parse foreign language clue'],FALSE,
3426,Spanish compass point,ESTE,Foreign language,punto de la brújula,FALSE,PUNTODELABRUJULA
3425,Spanish direction,ESTE,Foreign language,dirección,FALSE,DIRECCION
3129,Spanish prefix with lineas,AERO,Foreign language,prefijo con Lineas,FALSE,PREFIJOCONLINEAS
3344,Italian lady,DONNA,Foreign language,signora,FALSE,SIGNORA
3411,Spanish 101 word,ESTA,Foreign language,101 palabra,FALSE,101PALABRA
3412,Spanish demonstrative,ESTA,Foreign language,demostrativo,FALSE,DEMOSTRATIVO
3132,Contents of the Spanish Main,AGUA,Foreign language,['Could not parse foreign language clue'],FALSE,
3413,"Spanish for ""are""",ESTA,Foreign language,"""son""",FALSE,SON
3414,Spanish pronoun,ESTA,Foreign language,pronombre,FALSE,PRONOMBRE
3415,Is Spanish?,ESTA,Foreign language,['Could not parse foreign language clue'],FALSE,
3416,"Spanish form of ""to be""",ESTA,Foreign language,"forma de ""ser""",FALSE,FORMADESER
3417,"Form of Spanish ""to be""",ESTA,Foreign language,['Could not parse foreign language clue'],FALSE,
3418,Spanish 101 verb,ESTA,Foreign language,101 verbo,FALSE,101VERBO
3131,Main contents of the Spanish,AGUA,Foreign language,['Could not parse foreign language clue'],FALSE,
3419,"""They are,"" in Spanish class",ESTAN,Foreign language,""".",FALSE,
3420,Spanish 101 verb,ESTAR,Foreign language,101 verbo,FALSE,101VERBO
3421,"Form of the Spanish for ""to be""",ESTAS,Foreign language,"""ser""",FALSE,SER
3422,"Form of Spanish ""to be""",ESTAS,Foreign language,['Could not parse foreign language clue'],FALSE,
3423,Spanish 101 conjugation part,ESTAS,Foreign language,101 parte de conjugación,FALSE,101PARTEDECONJUGACION
3424,Part of a Spanish 101 conjugation,ESTAS,Foreign language,Parte de,FALSE,PARTEDE
3443,French word with two accents,ETE,Foreign language,mot avec deux accents,FALSE,MOTAVECDEUXACCENTS
3409,French direction,EST,Foreign language,"['direction', 'Translation uncertain']",FALSE,
3444,French 101 word with two accents,ETE,Foreign language,101 mot avec deux accents,FALSE,101MOTAVECDEUXACCENTS
3446,French vacation time,ETE,Foreign language,temps de vacances,FALSE,TEMPSDEVACANCES
3466,"& & &, in France",ETS,Foreign language,"['& & &', 'Translation uncertain']",FALSE,
3467,French spa,EVIAN,Foreign language,"['spa', 'Translation uncertain']",FALSE,
3468,French act,FAIT,Foreign language,acte,FALSE,ACTE
3469,Start of a Spanish Christmas greeting,FELIZ,Foreign language,Inicio de,FALSE,INICIODE
3470,Spanish festival,FERIA,Foreign language,"['festival', 'Translation uncertain']",FALSE,
3471,Spanish carnival,FERIA,Foreign language,carnaval,FALSE,CARNAVAL
3124,Part of a Spanish play,ACTO,Foreign language,Parte de,FALSE,PARTEDE
3123,"Month after marzo, in Mexico",ABRIL,Foreign language,'NONE' IS AN INVALID TARGET LANGUAGE . EXAMPLE: LANGPAIR=EN|IT USING 2 LETTER ISO OR RFC3066 LIKE ZH-CN. ALMOST ALL LANGUAGES SUPPORTED BUT SOME MAY HAVE NO CONTENT,FALSE,NONEISANINVALIDTARGETLANGUAGEEXAMPLELANGPAIRENITUSING2LETTERISOORRFC3066LIKEZHCNALMOSTALLLANGUAGESSUPPORTEDBUTSOMEMAYHAVENOCONTENT
3474,"Set, in French",FIXE,Foreign language,Ensemble,FALSE,ENSEMBLE
3475,Sweet Spanish dessert,FLAN,Foreign language,['Could not parse foreign language clue'],FALSE,
3476,Spanish dessert,FLAN,Foreign language,postre,FALSE,POSTRE
3477,Spanish custard,FLAN,Foreign language,natilla,FALSE,NATILLA
3122,Spanish month that anagrams to a zodiac sign,ABRIL,Foreign language,'NONE' IS AN INVALID TARGET LANGUAGE . EXAMPLE: LANGPAIR=EN|IT USING 2 LETTER ISO OR RFC3066 LIKE ZH-CN. ALMOST ALL LANGUAGES SUPPORTED BUT SOME MAY HAVE NO CONTENT,FALSE,NONEISANINVALIDTARGETLANGUAGEEXAMPLELANGPAIRENITUSING2LETTERISOORRFC3066LIKEZHCNALMOSTALLLANGUAGESSUPPORTEDBUTSOMEMAYHAVENOCONTENT
3479,Spanish bloom,FLOR,Foreign language,floración,FALSE,FLORACION
3473,Big Spanish celebration,FIESTA,Foreign language,['Could not parse foreign language clue'],FALSE,
3125,Spanish marinade,ADOBO,Foreign language,escabeche,FALSE,ESCABECHE
3126,Word on mail from Spain,AEREO,Foreign language,['Could not parse foreign language clue'],FALSE,
3463,French auxiliary,ETRE,Foreign language,auxiliaire,FALSE,AUXILIAIRE
3447,"One of the four seasons, in France",ETE,Foreign language,L'une des quatre saisons,FALSE,LUNEDESQUATRESAISONS
3449,French 101 verb,ETES,Foreign language,101 verbe,FALSE,101VERBE
3450,French quarters,ETES,Foreign language,quartiers,FALSE,QUARTIERS
3451,French seasons,ETES,Foreign language,saisons,FALSE,SAISONS
3452,French philosopher Gilson,ETIENNE,Foreign language,philosophe Gilson,FALSE,PHILOSOPHEGILSON
3453,"Stephen, in France",ETIENNE,Foreign language,"['Stephen', 'Translation uncertain']",FALSE,
3456,French 101 verb,ETRE,Foreign language,101 verbe,FALSE,101VERBE
3458,French soliloquy starter?,ETRE,Foreign language,Démarreur de soliloque?,FALSE,DEMARREURDESOLILOQUE
3127,Stamp on mail from Mexico,AEREO,Foreign language,['Could not parse foreign language clue'],FALSE,
3459,French word with a circumflex,ETRE,Foreign language,'NONE' IS AN INVALID TARGET LANGUAGE . EXAMPLE: LANGPAIR=EN|IT USING 2 LETTER ISO OR RFC3066 LIKE ZH-CN. ALMOST ALL LANGUAGES SUPPORTED BUT SOME MAY HAVE NO CONTENT,FALSE,NONEISANINVALIDTARGETLANGUAGEEXAMPLELANGPAIRENITUSING2LETTERISOORRFC3066LIKEZHCNALMOSTALLLANGUAGESSUPPORTEDBUTSOMEMAYHAVENOCONTENT
3460,French verb with a circumflex,ETRE,Foreign language,'NONE' IS AN INVALID TARGET LANGUAGE . EXAMPLE: LANGPAIR=EN|IT USING 2 LETTER ISO OR RFC3066 LIKE ZH-CN. ALMOST ALL LANGUAGES SUPPORTED BUT SOME MAY HAVE NO CONTENT,FALSE,NONEISANINVALIDTARGETLANGUAGEEXAMPLELANGPAIRENITUSING2LETTERISOORRFC3066LIKEZHCNALMOSTALLLANGUAGESSUPPORTEDBUTSOMEMAYHAVENOCONTENT
3461,French 101 infinitive,ETRE,Foreign language,101 infinitif,FALSE,101INFINITIF
3462,French 101 word,ETRE,Foreign language,101 mot,FALSE,101MOT
3445,French quarter?,ETE,Foreign language,quart?,FALSE,QUART
3410,"Part of the Spanish conjugation of ""to be""",ESTA,Foreign language,['Could not parse foreign language clue'],FALSE,
3406,Spanish pronoun,ESO,Foreign language,pronombre,FALSE,PRONOMBRE
3362,Spanish silver dollar,DURO,Foreign language,dólar de plata,FALSE,DOLARDEPLATA
3363,Old Spanish coin,DURO,Foreign language,['Could not parse foreign language clue'],FALSE,
3144,What's now in Mexico?,AHORA,Foreign language,'NONE' IS AN INVALID TARGET LANGUAGE . EXAMPLE: LANGPAIR=EN|IT USING 2 LETTER ISO OR RFC3066 LIKE ZH-CN. ALMOST ALL LANGUAGES SUPPORTED BUT SOME MAY HAVE NO CONTENT,FALSE,NONEISANINVALIDTARGETLANGUAGEEXAMPLELANGPAIRENITUSING2LETTERISOORRFC3066LIKEZHCNALMOSTALLLANGUAGESSUPPORTEDBUTSOMEMAYHAVENOCONTENT
3365,What's found in the French riviere?,EAU,Foreign language,'NONE' IS AN INVALID TARGET LANGUAGE . EXAMPLE: LANGPAIR=EN|IT USING 2 LETTER ISO OR RFC3066 LIKE ZH-CN. ALMOST ALL LANGUAGES SUPPORTED BUT SOME MAY HAVE NO CONTENT,FALSE,NONEISANINVALIDTARGETLANGUAGEEXAMPLELANGPAIRENITUSING2LETTERISOORRFC3066LIKEZHCNALMOSTALLLANGUAGESSUPPORTEDBUTSOMEMAYHAVENOCONTENT
3366,French quencher,EAU,Foreign language,éteint,FALSE,ETEINT
3142,Oaxaca waters,AGUAS,Foreign language,['Could not parse foreign language clue'],FALSE,
3146,Spanish winds,AIRES,Foreign language,vientos,FALSE,VIENTOS
3368,French bakery offering,ECLAIR,Foreign language,Offrande de boulangerie,FALSE,OFFRANDEDEBOULANGERIE
3370,French place of education,ECOLE,Foreign language,lieu d'éducation,FALSE,LIEUDEDUCATION
3371,French place of learning,ECOLE,Foreign language,lieu d'apprentissage,FALSE,LIEUDAPPRENTISSAGE
3373,"Place to study, in France",ECOLE,Foreign language,Lieu d'étude,FALSE,LIEUDETUDE
3141,Rains in Spain,AGUAS,Foreign language,Lluvias,FALSE,LLUVIAS
3374,French coin of old,ECU,Foreign language,pièce de monnaie,FALSE,PIECEDEMONNAIE
3369,French pastry,ECLAIR,Foreign language,pâtisserie,FALSE,PATISSERIE
3361,Spanish peso,DURO,Foreign language,"['peso', 'Translation uncertain']",FALSE,
3147,"Cottonwood, in Spanish",ALAMO,Foreign language,Álamo de Virginia,FALSE,ALAMODEVIRGINIA
3150,French walk,ALLEE,Foreign language,marcher,FALSE,MARCHER
3346,Italian women,DONNAS,Foreign language,donne,FALSE,DONNE
3347,Spanish gentlemen,DONS,Foreign language,caballeros,FALSE,CABALLEROS
3348,"Golden, in France",DOR,Foreign language,Doré,FALSE,DORE
3349,Spanish-speaking explorer,DORA,Foreign language,['Could not parse foreign language clue'],FALSE,
3350,Spanish couple,DOS,Foreign language,pareja,FALSE,PAREJA
3351,Spanish company?,DOS,Foreign language,¿compañía?,FALSE,¿COMPANIA
3352,Spanish couple?,DOS,Foreign language,¿pareja?,FALSE,¿PAREJA
3149,"Tree-lined walkway, in France",ALLEE,Foreign language,Passerelle doublée d'arbres,FALSE,PASSERELLEDOUBLEEDARBRES
3353,"Back-to-back, in France",DOSADOS,Foreign language,Consécutif,FALSE,CONSECUTIF
3354,"Legal rights, in France",DROITS,Foreign language,Droits légaux,FALSE,DROITSLEGAUX
3355,Italian leader,DUCE,Foreign language,"['leader', 'Translation uncertain']",FALSE,
3356,Italian dictators,DUCES,Foreign language,dittatori,FALSE,DITTATORI
3357,Italian leaders,DUCES,Foreign language,leader,FALSE,LEADER
3358,Spanish mistress,DUENA,Foreign language,amante,FALSE,AMANTE
3359,Spanish escort,DUENNA,Foreign language,escolta,FALSE,ESCOLTA
3140,Spanish rains,AGUAS,Foreign language,lluvias,FALSE,LLUVIAS
3139,Tijuana water,AGUA,Foreign language,['Could not parse foreign language clue'],FALSE,
3190,"French pen pal, maybe",AMIE,Foreign language,"Pen Pal, peut-être",FALSE,PENPALPEUTETRE
3375,French shield,ECU,Foreign language,bouclier,FALSE,BOUCLIER
3392,"13-Across, in French",ENTRE,Foreign language,13 acros,FALSE,13ACROS
3393,French preposition,ENTRE,Foreign language,préposition,FALSE,PREPOSITION
3138,Oaxaca water,AGUA,Foreign language,['Could not parse foreign language clue'],FALSE,
3396,Spanish pronoun,ESA,Foreign language,pronombre,FALSE,PRONOMBRE
3397,"That, in Spanish",ESA,Foreign language,Eso,FALSE,ESO
3398,"Spanish ""that""",ESA,Foreign language,"""eso""",FALSE,ESO
3134,"Water, in Oaxaca",AGUA,Foreign language,'NONE' IS AN INVALID TARGET LANGUAGE . EXAMPLE: LANGPAIR=EN|IT USING 2 LETTER ISO OR RFC3066 LIKE ZH-CN. ALMOST ALL LANGUAGES SUPPORTED BUT SOME MAY HAVE NO CONTENT,FALSE,NONEISANINVALIDTARGETLANGUAGEEXAMPLELANGPAIRENITUSING2LETTERISOORRFC3066LIKEZHCNALMOSTALLLANGUAGESSUPPORTEDBUTSOMEMAYHAVENOCONTENT
3399,Spanish demonstrative,ESA,Foreign language,demostrativo,FALSE,DEMOSTRATIVO
3400,Spanish 57-Down,ESA,Foreign language,57 hacia abajo,FALSE,57HACIAABAJO
3401,Spanish pronoun,ESAS,Foreign language,pronombre,FALSE,PRONOMBRE
3402,Old Spanish gold,ESCUDOS,Foreign language,['Could not parse foreign language clue'],FALSE,
3133,Composition of the Spanish Main,AGUA,Foreign language,['Could not parse foreign language clue'],FALSE,
3405,Spanish demonstrative,ESO,Foreign language,demostrativo,FALSE,DEMOSTRATIVO
3391,Spanish letters with (or without) tildes,ENES,Foreign language,Cartas con (o sin) Tilles,FALSE,CARTASCONOSINTILLES
3135,"Rain, in Spain",AGUA,Foreign language,Lluvia,FALSE,LLUVIA
3394,French prefix,ENTRE,Foreign language,préfixe,FALSE,PREFIXE
3388,"As a friend, in France",ENAMI,Foreign language,En tant qu'ami,FALSE,ENTANTQUAMI
3376,French crown,ECU,Foreign language,couronne,FALSE,COURONNE
3377,French coins of yore,ECUS,Foreign language,pièces de monnaie,FALSE,PIECESDEMONNAIE
3378,"Neither more nor less, in France",EGAL,Foreign language,Ni plus ni moins,FALSE,NIPLUSNIMOINS
3137,The rain in Spain,AGUA,Foreign language,La lluvia,FALSE,LALLUVIA
3380,Woman's name that's also a Spanish pronoun,ELLA,Foreign language,Nombre de la mujer que también es,FALSE,NOMBREDELAMUJERQUETAMBIENES
3389,French pen filler,ENCRE,Foreign language,remplissage,FALSE,REMPLISSAGE
3383,International magazine founded in France in 1945,ELLE,Foreign language,Magazine international fondé,FALSE,MAGAZINEINTERNATIONALFONDE
3136,It's off the coast of Spain,AGUA,Foreign language,['Could not parse foreign language clue'],FALSE,
3384,"French ""her""",ELLE,Foreign language,"""son""",FALSE,SON
3385,"Those girls, in French",ELLES,Foreign language,Ces filles,FALSE,CESFILLES
3387,French palace,ELYSEE,Foreign language,palais,FALSE,PALAIS
3386,Kingly title in Spanish,ELREY,Foreign language,Título real,FALSE,TITULOREAL
3597,Spanish child,NINO,Foreign language,niño,TRUE,NINO
3670,"Spanish ""others""",OTROS,Foreign language,"""otros""",TRUE,OTROS
3671,"French ""yes""",OUI,Foreign language,"""Oui""",TRUE,OUI
3668,"Spanish ""other""",OTRO,Foreign language,"""otro""",TRUE,OTRO
3660,"Spanish for ""bear""",OSO,Foreign language,"""oso""",TRUE,OSO
3505,"French for ""here""",ICI,Foreign language,"""ici""",TRUE,ICI
3563,"Spanish for ""table""",MESA,Foreign language,"""mesa""",TRUE,MESA
3559,French mothers,MERES,Foreign language,mères,TRUE,MERES
3553,"French ""thank you""",MERCI,Foreign language,"""merci""",TRUE,MERCI
3557,French parent,MERE,Foreign language,mère,TRUE,MERE
3558,French mother,MERE,Foreign language,mère,TRUE,MERE
3827,French head,TETE,Foreign language,tête,TRUE,TETE
3828,French heads,TETES,Foreign language,têtes,TRUE,TETES
3829,Spanish aunt,TIA,Foreign language,tía,TRUE,TIA
3832,Spanish aunts,TIAS,Foreign language,tías,TRUE,TIAS
3819,"Spanish ""I love you""",TEAMO,Foreign language,"""Te amo""",TRUE,TEAMO
3798,"Spanish for ""south""",SUR,Foreign language,"""sur""",TRUE,SUR
3800,"Spanish ""south""",SUR,Foreign language,"""sur""",TRUE,SUR
3817,"French for ""cup""",TASSE,Foreign language,"""tasse""",TRUE,TASSE
3841,Spanish uncle,TIO,Foreign language,tío,TRUE,TIO
3845,"French ""you""",TOI,Foreign language,"""toi""",TRUE,TOI
3694,"Father, in French",PERE,Foreign language,Père,TRUE,PERE
3697,French father,PERE,Foreign language,père,TRUE,PERE
3698,"Spanish ""but""",PERO,Foreign language,"""pero""",TRUE,PERO
3707,"Spanish for ""weight""",PESO,Foreign language,"""peso""",TRUE,PESO
3708,"Spanish ""weight""",PESO,Foreign language,"""peso""",TRUE,PESO
3746,Spanish rivers,RIOS,Foreign language,ríos,TRUE,RIOS
3483,French cake,GATEAU,Foreign language,gâteau,TRUE,GATEAU
3768,"French for ""salt""",SEL,Foreign language,"""sel""",TRUE,SEL
3893,"Spanish for ""fox""",ZORRO,Foreign language,"""zorro""",TRUE,ZORRO
3294,"Italian ""dear""",CARO,Foreign language,"""Caro""",TRUE,CARO
3273,"Spanish for ""kiss""",BESO,Foreign language,"""beso""",TRUE,BESO
3302,"Spanish for ""basket""",CESTA,Foreign language,"""cesta""",TRUE,CESTA
3480,French brother,FRERE,Foreign language,frère,TRUE,FRERE
3334,"Italian ""god""",DIO,Foreign language,"""Dio""",TRUE,DIO
3310,"Italian ""bye""",CIAO,Foreign language,"""Ciao""",TRUE,CIAO
3316,"Spanish for ""how""",COMO,Foreign language,"""cómo""",TRUE,COMO
3321,"Italian for ""so""",COSI,Foreign language,"""COSÌ""",TRUE,COSI
3269,"Italian ""well""",BENE,Foreign language,"""BENE""",TRUE,BENE
3268,Italian fine?,BENE,Foreign language,Bene?,TRUE,BENE
3253,"Stop, in France",ARRET,Foreign language,Arrêt,TRUE,ARRET
3237,Year in Spain,ANO,Foreign language,Año,TRUE,ANO
3243,"Years, in Spain",ANOS,Foreign language,Años,TRUE,ANOS
3244,Spanish years,ANOS,Foreign language,años,TRUE,ANOS
3247,Years in Spain,ANOS,Foreign language,Años,TRUE,ANOS
3438,French state,ETAT,Foreign language,État,TRUE,ETAT
3440,French states,ETATS,Foreign language,états,TRUE,ETATS
3442,French summer,ETE,Foreign language,été,TRUE,ETE
3465,French beings,ETRES,Foreign language,êtres,TRUE,ETRES
3464,"To be, in France",ETRE,Foreign language,Être,TRUE,ETRE
3448,French summers,ETES,Foreign language,étés,TRUE,ETES
3454,French star,ETOILE,Foreign language,étoile,TRUE,ETOILE
3455,French stars,ETOILES,Foreign language,étoiles,TRUE,ETOILES
3457,"French ""to be""",ETRE,Foreign language,"""être""",TRUE,ETRE
3408,"French ""is""",EST,Foreign language,"""est""",TRUE,EST
3143,"Spanish ""now""",AHORA,Foreign language,"""ahora""",TRUE,AHORA
3372,French school,ECOLE,Foreign language,école,TRUE,ECOLE
3407,Spanish for Spanish,ESPANOL,Foreign language,Español,TRUE,ESPANOL
3360,"Spanish for ""sweet""",DULCE,Foreign language,"""dulce""",TRUE,DULCE
3148,"Spanish for ""poplar""",ALAMO,Foreign language,"""álamo""",TRUE,ALAMO
3395,"French for ""sword""",EPEE,Foreign language,"""épée""",TRUE,EPEE
3404,"Spanish ""that""",ESO,Foreign language,"""eso""",TRUE,ESO
3382,"French ""she""",ELLE,Foreign language,"""elle""",TRUE,ELLE
3175,Italian friend,AMICO,Foreign language,amico,TRUE,AMICO
3145,"Now, in Spain",AHORA,Foreign language,Ahora,TRUE,AHORA
3890,Italian wine,VINO,Foreign language,vino,TRUE,VINO
3849,Spanish bull,TORO,Foreign language,toro,TRUE,TORO
3818,French cup,TASSE,Foreign language,tasse,TRUE,TASSE
3161,French friend,AMI,Foreign language,ami,TRUE,AMI
3162,Friend in France,AMI,Foreign language,Ami,TRUE,AMI
3155,"To love, in Italy",AMARE,Foreign language,Amare,TRUE,AMARE
3130,Spanish water,AGUA,Foreign language,agua,TRUE,AGUA
3887,Italian man,UOMO,Foreign language,Uomo,TRUE,UOMO
3885,Spanish ones,UNOS,Foreign language,unos,TRUE,UNOS
3180,Female friend in France,AMIE,Foreign language,Amie,TRUE,AMIE
3179,French female friend,AMIE,Foreign language,amie,TRUE,AMIE
3154,"To love, in Italian",AMARE,Foreign language,Amare,TRUE,AMARE
3860,"Sad, in French or Spanish",TRISTE,Foreign language,Triste,TRUE,TRISTE
3850,Spanish bulls,TOROS,Foreign language,toros,TRUE,TOROS
3482,French cheese,FROMAGE,Foreign language,fromage,TRUE,FROMAGE
3197,"Female friends, in Spain",AMIGAS,Foreign language,Amigas,TRUE,AMIGAS
3601,Italian granny,NONNA,Foreign language,nonna,TRUE,NONNA
3602,Italian grandpa,NONNO,Foreign language,nonno,TRUE,NONNO
3603,Italian grandfather,NONNO,Foreign language,nonno,TRUE,NONNO
3605,Spanish eight,OCHO,Foreign language,ocho,TRUE,OCHO
3367,French waters,EAUX,Foreign language,eaux,TRUE,EAUX
3613,French goose,OIE,Foreign language,oie,TRUE,OIE
3364,French water,EAU,Foreign language,eau,TRUE,EAU
3617,Spanish eye,OJO,Foreign language,ojo,TRUE,OJO
3620,Spanish eyes,OJOS,Foreign language,ojos,TRUE,OJOS
3622,Spanish wave,OLA,Foreign language,ola,TRUE,OLA
3628,Spanish pot,OLLA,Foreign language,olla,TRUE,OLLA
3632,German granny,OMA,Foreign language,Oma,TRUE,OMA
3636,French eleven,ONZE,Foreign language,onze,TRUE,ONZE
3641,Spanish gold,ORO,Foreign language,oro,TRUE,ORO
3343,Italian woman,DONNA,Foreign language,donna,TRUE,DONNA
3379,German one,EINS,Foreign language,eins,TRUE,EINS
3333,Italian God,DIO,Foreign language,Dio,TRUE,DIO
3381,"She, in Spanish",ELLA,Foreign language,Ella,TRUE,ELLA
3576,French world,MONDE,Foreign language,monde,TRUE,MONDE
3478,French cop,FLIC,Foreign language,flic,TRUE,FLIC
3485,Italian ice cream,GELATO,Foreign language,gelato,TRUE,GELATO
3490,French ice cream,GLACE,Foreign language,glace,TRUE,GLACE
3492,Italian dumplings,GNOCCHI,Foreign language,gnocchi,TRUE,GNOCCHI
3472,French fire,FEU,Foreign language,feu,TRUE,FEU
3502,Spanish eggs,HUEVOS,Foreign language,huevos,TRUE,HUEVOS
3503,"Eight, in France",HUIT,Foreign language,Huit,TRUE,HUIT
3504,"Here, in Paris",ICI,Foreign language,Ici,TRUE,ICI
3510,"Here, in France",ICI,Foreign language,Ici,TRUE,ICI
3534,French game,JEU,Foreign language,jeu,TRUE,JEU
3546,Spanish hand,MANO,Foreign language,mano,TRUE,MANO
3551,French sea,MER,Foreign language,mer,TRUE,MER
3554,French thanks,MERCI,Foreign language,merci,TRUE,MERCI
3561,French seas,MERS,Foreign language,mers,TRUE,MERS
3403,"That, in Spanish",ESO,Foreign language,Eso,TRUE,ESO
3390,"Ink, in France",ENCRE,Foreign language,Encre,TRUE,ENCRE
3331,Italian ten,DIECI,Foreign language,dieci,TRUE,DIECI
3659,Spanish she-bear,OSA,Foreign language,Osa,TRUE,OSA
3661,Spanish bear,OSO,Foreign language,oso,TRUE,OSO
3271,"Kiss, in Spanish",BESO,Foreign language,Beso,TRUE,BESO
3728,French queens,REINES,Foreign language,reines,TRUE,REINES
3270,Italian well,BENE,Foreign language,BENE,TRUE,BENE
3734,Spanish king,REY,Foreign language,rey,TRUE,REY
3735,Spanish kings,REYES,Foreign language,reyes,TRUE,REYES
3262,"With, in France",AVEC,Foreign language,Avec,TRUE,AVEC
3259,Spanish rice,ARROZ,Foreign language,arroz,TRUE,ARROZ
3749,French king,ROI,Foreign language,roi,TRUE,ROI
3751,French kings,ROIS,Foreign language,rois,TRUE,ROIS
3250,French weapon,ARME,Foreign language,arme,TRUE,ARME
3774,Spanish weeks,SEMANAS,Foreign language,semanas,TRUE,SEMANAS
3229,French love,AMOUR,Foreign language,amour,TRUE,AMOUR
3780,"To be, in Spanish",SER,Foreign language,Ser,TRUE,SER
3801,French aunt,TANTE,Foreign language,tante,TRUE,TANTE
3199,French friends,AMIS,Foreign language,amis,TRUE,AMIS
3272,Spanish kiss,BESO,Foreign language,beso,TRUE,BESO
3725,Spanish queens,REINAS,Foreign language,reinas,TRUE,REINAS
3724,Spanish queen,REINA,Foreign language,reina,TRUE,REINA
3274,Spanish kisses,BESOS,Foreign language,besos,TRUE,BESOS
3662,Spanish bruin,OSO,Foreign language,oso,TRUE,OSO
3324,"To say, in Spanish",DECIR,Foreign language,Decir,TRUE,DECIR
3315,"Five, in French",CINQ,Foreign language,Cinq,TRUE,CINQ
3305,Spanish boys,CHICOS,Foreign language,chicos,TRUE,CHICOS
3304,Spanish girl,CHICA,Foreign language,chica,TRUE,CHICA
3692,Spanish step,PASO,Foreign language,paso,TRUE,PASO
3299,Spanish homes,CASAS,Foreign language,casas,TRUE,CASAS
3192,"Female friend, in France",AMIE,Foreign language,Amie,TRUE,AMIE
3298,Spanish houses,CASAS,Foreign language,casas,TRUE,CASAS
3290,Italian dear,CARO,Foreign language,Caro,TRUE,CARO
3289,Spanish meat,CARNE,Foreign language,carne,TRUE,CARNE
3710,Spanish beach,PLAYA,Foreign language,playa,TRUE,PLAYA
3711,Spanish beaches,PLAYAS,Foreign language,playas,TRUE,PLAYAS
3282,Spanish road,CAMINO,Foreign language,camino,TRUE,CAMINO
3713,Spanish inn,POSADA,Foreign language,posada,TRUE,POSADA
3714,Spanish bridge,PUENTE,Foreign language,puente,TRUE,PUENTE
3297,Spanish house,CASA,Foreign language,casa,TRUE,CASA
3687,Italian bread,PANE,Foreign language,pane,TRUE,PANE
